﻿{
    "template": "views/_layouts/_layout",
    "_placeholder": {
        "content": [
            {
                "template": "views/_layouts/page",
                "_placeholder": {
                    "phContent": [
                        {
                            "template": "components/modules/DataEditor/DataEditor"
                        }
                    ]
                }
            }
        ]
    },
    "scripts": [
        {
            "src": "assets/jsoneditor.min.js"
        },
        {
            "src": "assets/common.js"
        },
        { 
            "src":  "//ajax.googleapis.com/ajax/libs/jquery/2.1.1/jquery.min.js"
        }
    ],
    "styles": [

        {
            "href": "//cdnjs.cloudflare.com/ajax/libs/font-awesome/4.0.3/css/font-awesome.css"
        }
    ]
}
}
